{"position": [4.225, 0.0, -4.2651722031, 4.225, 8.45, -4.2651722031, 4.225, 8.45, 0.2574528754, -4.225, 0.0, -4.2651722031, 4.225, 0.0, -4.2651722031, 4.225, 8.45, -4.2651722031, -4.225, 0.0, 0.2574528754, -4.225, 8.45, 0.2574528754, -4.225, 8.45, -4.2651722031, 4.225, 8.45, 0.2574528754, 4.225, 8.45, -4.2651722031, -4.225, 8.45, -4.2651722031, 3.959, 0.266, 0.2574528754, 3.959, 0.266, -4.2926952548, -3.959, 0.266, -4.2926952548, 3.959, 8.184, 0.2574528754, 3.959, 8.184, -4.2926952548, 3.959, 0.266, -4.2926952548, -3.959, 0.266, 0.2574528754, -3.959, 0.266, -4.2926952548, -3.959, 8.184, -4.2926952548, -3.959, 8.184, 0.2574528754, -3.959, 8.184, -4.2926952548, 3.959, 8.184, -4.2926952548, -4.225, 0.0, 0.2574528754, 4.225, 0.0, 0.2574528754, 3.959, 0.266, 0.2574528754, 4.225, 0.0, 0.2574528754, 4.225, 8.45, 0.2574528754, 3.959, 8.184, 0.2574528754, 4.225, 8.45, 0.2574528754, -4.225, 8.45, 0.2574528754, -3.959, 8.184, 0.2574528754, -4.225, 0.0, -4.2651722031, 4.225, 0.0, -4.2651722031, 4.225, 0.0, 0.2574528754, -3.959, 8.184, 0.2574528754, -4.225, 8.45, 0.2574528754, -4.225, 0.0, 0.2574528754, 4.225, 0.0, -4.2651722031, 4.225, 8.45, 0.2574528754, 4.225, 0.0, 0.2574528754, -4.225, 0.0, -4.2651722031, 4.225, 8.45, -4.2651722031, -4.225, 8.45, -4.2651722031, -4.225, 0.0, 0.2574528754, -4.225, 8.45, -4.2651722031, -4.225, 0.0, -4.2651722031, 4.225, 8.45, 0.2574528754, -4.225, 8.45, -4.2651722031, -4.225, 8.45, 0.2574528754, 3.959, 0.266, 0.2574528754, -3.959, 0.266, -4.2926952548, -3.959, 0.266, 0.2574528754, 3.959, 8.184, 0.2574528754, 3.959, 0.266, -4.2926952548, 3.959, 0.266, 0.2574528754, -3.959, 0.266, 0.2574528754, -3.959, 8.184, -4.2926952548, -3.959, 8.184, 0.2574528754, -3.959, 8.184, 0.2574528754, 3.959, 8.184, -4.2926952548, 3.959, 8.184, 0.2574528754, -4.225, 0.0, 0.2574528754, 3.959, 0.266, 0.2574528754, -3.959, 0.266, 0.2574528754, 4.225, 0.0, 0.2574528754, 3.959, 8.184, 0.2574528754, 3.959, 0.266, 0.2574528754, 4.225, 8.45, 0.2574528754, -3.959, 8.184, 0.2574528754, 3.959, 8.184, 0.2574528754, -4.225, 0.0, -4.2651722031, 4.225, 0.0, 0.2574528754, -4.225, 0.0, 0.2574528754, -3.959, 8.184, 0.2574528754, -4.225, 0.0, 0.2574528754, -3.959, 0.266, 0.2574528754], "normal": [1.0, -0.0, 0.0, 1.0, -0.0, 0.0, 1.0, -0.0, 0.0, -0.0, -0.0, 1.0, -0.0, -0.0, 1.0, -0.0, -0.0, 1.0, -1.0, -0.0, 0.0, -1.0, -0.0, 0.0, -1.0, -0.0, 0.0, -0.0, 1.0, 0.0, -0.0, 1.0, 0.0, -0.0, 1.0, 0.0, -0.0, 1.0, 0.0, -0.0, 1.0, 0.0, -0.0, 1.0, 0.0, -1.0, -0.0, 0.0, -1.0, -0.0, -0.0, -1.0, -0.0, 0.0, 1.0, -0.0, 0.0, 1.0, -0.0, 0.0, 1.0, -0.0, 0.0, -0.0, -1.0, 0.0, -0.0, -1.0, 0.0, -0.0, -1.0, 0.0, -0.0, -0.0, 1.0, -0.0, -0.0, 1.0, -0.0, -0.0, 1.0, -0.0, -0.0, 1.0, -0.0, -0.0, 1.0, -0.0, -0.0, 1.0, -0.0, -0.0, 1.0, -0.0, -0.0, 1.0, -0.0, -0.0, 1.0, -0.0, -1.0, 0.0, 0.0, -1.0, 0.0, -0.0, -1.0, 0.0, -0.0, -0.0, 1.0, -0.0, -0.0, 1.0, -0.0, -0.0, 1.0, 1.0, -0.0, 0.0, 1.0, -0.0, 0.0, 1.0, -0.0, 0.0, -0.0, -0.0, 1.0, -0.0, -0.0, 1.0, -0.0, -0.0, 1.0, -1.0, -0.0, 0.0, -1.0, -0.0, 0.0, -1.0, -0.0, 0.0, -0.0, 1.0, 0.0, -0.0, 1.0, 0.0, -0.0, 1.0, 0.0, -0.0, 1.0, 0.0, -0.0, 1.0, 0.0, -0.0, 1.0, 0.0, -1.0, -0.0, 0.0, -1.0, -0.0, 0.0, -1.0, -0.0, 0.0, 1.0, -0.0, 0.0, 1.0, -0.0, 0.0, 1.0, -0.0, 0.0, -0.0, -1.0, 0.0, -0.0, -1.0, 0.0, -0.0, -1.0, 0.0, -0.0, -0.0, 1.0, -0.0, -0.0, 1.0, -0.0, -0.0, 1.0, -0.0, -0.0, 1.0, -0.0, -0.0, 1.0, -0.0, -0.0, 1.0, -0.0, -0.0, 1.0, -0.0, -0.0, 1.0, -0.0, -0.0, 1.0, -0.0, -1.0, 0.0, -0.0, -1.0, 0.0, -0.0, -1.0, 0.0, -0.0, -0.0, 1.0, -0.0, -0.0, 1.0, -0.0, -0.0, 1.0], "uv": [0.9966915846, 0.9983332916, 0.7479353547, 0.9983332916, 0.7479352951, 0.7646895349, 0.0016667084, 0.5001897812, 0.0016667084, 0.0714107752, 0.4304457605, 0.0714107752, 0.250422895, 0.7646895349, 0.4991791248, 0.7646895349, 0.4991791546, 0.9983332916, 0.7479352951, 0.7646895349, 0.7479353547, 0.9983332916, 0.4991791546, 0.9983332916, 0.0016667084, 0.7452556491, 0.0016667084, 0.5101900101, 0.250422895, 0.5101900101, 0.7479352951, 0.7452556491, 0.7479352951, 0.5101900101, 0.9966915846, 0.5101900101, 0.250422895, 0.7452556491, 0.250422895, 0.5101900101, 0.4991791248, 0.5101900101, 0.4991791248, 0.7452556491, 0.4991791248, 0.5101900101, 0.7479352951, 0.5101900101, 0.250422895, 0.7646895349, 0.0016667084, 0.7646895349, 0.0016667084, 0.7452556491, 0.9966915846, 0.7646895349, 0.7479352951, 0.7646895349, 0.7479352951, 0.7452556491, 0.7479352951, 0.7646895349, 0.4991791248, 0.7646895349, 0.4991791248, 0.7452556491, 0.2504229248, 0.9983332916, 0.0016667084, 0.9983332916, 0.0016667084, 0.7646895349, 0.4991791248, 0.7452556491, 0.4991791248, 0.7646895349, 0.250422895, 0.7646895349, 0.9966915846, 0.9983332916, 0.7479352951, 0.7646895349, 0.9966915846, 0.7646895349, 0.0016667084, 0.5001897812, 0.4304457605, 0.0714107752, 0.4304457605, 0.5001897812, 0.250422895, 0.7646895349, 0.4991791546, 0.9983332916, 0.2504229248, 0.9983332916, 0.7479352951, 0.7646895349, 0.4991791546, 0.9983332916, 0.4991791248, 0.7646895349, 0.0016667084, 0.7452556491, 0.250422895, 0.5101900101, 0.250422895, 0.7452556491, 0.7479352951, 0.7452556491, 0.9966915846, 0.5101900101, 0.9966915846, 0.7452556491, 0.250422895, 0.7452556491, 0.4991791248, 0.5101900101, 0.4991791248, 0.7452556491, 0.4991791248, 0.7452556491, 0.7479352951, 0.5101900101, 0.7479352951, 0.7452556491, 0.250422895, 0.7646895349, 0.0016667084, 0.7452556491, 0.250422895, 0.7452556491, 0.9966915846, 0.7646895349, 0.7479352951, 0.7452556491, 0.9966915846, 0.7452556491, 0.7479352951, 0.7646895349, 0.4991791248, 0.7452556491, 0.7479352951, 0.7452556491, 0.2504229248, 0.9983332916, 0.0016667084, 0.7646895349, 0.250422895, 0.7646895349, 0.4991791248, 0.7452556491, 0.250422895, 0.7646895349, 0.250422895, 0.7452556491]}